,0,1,2,3
0,"[158.81 160.08 161.06 155.32 157.48 159.85 161.6  160.95 157.86 157.5
 157.21 159.78 159.98 159.27 159.86 161.47 162.91 163.35 164.   164.05
 162.08 161.91 161.26 158.63 161.5  160.86 159.65 158.28 159.88 158.67
 158.73 156.07 153.39 151.89 150.55 153.14 154.23 153.28 154.12 153.81
 154.48 153.48 155.39 155.3  155.84 155.9  156.55 156.   156.99 159.88
 160.47 159.76 155.98 156.25 156.17 157.1  156.41 157.41 163.05 166.72
 169.04 166.89 168.11 172.5  174.25 174.81 176.24 175.88 174.67 173.97
 171.34 169.08 171.1  170.15 169.98 173.14 174.96 174.97 174.09 173.07
 169.48 171.85 171.05 169.8  169.64 169.01 169.32 169.37 172.67 171.7
 172.27 172.22 173.97 176.42 174.54 174.35 175.01 175.01 170.57 170.6
 171.08 169.23 172.26 172.23 173.03 175.   174.35 174.33 174.29 175.28
 177.09 176.19 179.1  179.26 178.46 177.   177.04 174.22 171.11 171.51
 167.96 166.97 167.43 167.78]","[array([157.84685], dtype=float32), array([158.94414], dtype=float32), array([159.37166], dtype=float32), array([155.3469], dtype=float32), array([156.96791], dtype=float32), array([159.37393], dtype=float32), array([160.66594], dtype=float32), array([160.1609], dtype=float32), array([157.81512], dtype=float32), array([157.60991], dtype=float32), array([157.13972], dtype=float32), array([159.75188], dtype=float32), array([159.48541], dtype=float32), array([159.55171], dtype=float32), array([160.16039], dtype=float32), array([161.19493], dtype=float32), array([162.3403], dtype=float32), array([162.5303], dtype=float32), array([163.25803], dtype=float32), array([163.56555], dtype=float32), array([162.09126], dtype=float32), array([161.84029], dtype=float32), array([161.3855], dtype=float32), array([159.16301], dtype=float32), array([161.18585], dtype=float32), array([160.91835], dtype=float32), array([159.79861], dtype=float32), array([158.50716], dtype=float32), array([159.90717], dtype=float32), array([159.11711], dtype=float32), array([159.12689], dtype=float32), array([157.26208], dtype=float32), array([155.64848], dtype=float32), array([154.08981], dtype=float32), array([152.99283], dtype=float32), array([154.23636], dtype=float32), array([155.00128], dtype=float32), array([154.0673], dtype=float32), array([154.57758], dtype=float32), array([154.16867], dtype=float32), array([154.94504], dtype=float32), array([154.14595], dtype=float32), array([155.42622], dtype=float32), array([155.47673], dtype=float32), array([155.86548], dtype=float32), array([155.76706], dtype=float32), array([156.47214], dtype=float32), array([155.9256], dtype=float32), array([156.80994], dtype=float32), array([158.96756], dtype=float32), array([159.51291], dtype=float32), array([159.00456], dtype=float32), array([156.19818], dtype=float32), array([156.20506], dtype=float32), array([156.08528], dtype=float32), array([156.82077], dtype=float32), array([156.27171], dtype=float32), array([157.29327], dtype=float32), array([161.23616], dtype=float32), array([163.71805], dtype=float32), array([165.79913], dtype=float32), array([165.47183], dtype=float32), array([166.8546], dtype=float32), array([169.67972], dtype=float32), array([171.33415], dtype=float32), array([172.33789], dtype=float32), array([173.86897], dtype=float32), array([174.27925], dtype=float32), array([173.54425], dtype=float32), array([172.86249], dtype=float32), array([170.9172], dtype=float32), array([168.95302], dtype=float32), array([171.08488], dtype=float32), array([170.0313], dtype=float32), array([169.97171], dtype=float32), array([172.93483], dtype=float32), array([174.88509], dtype=float32), array([174.82726], dtype=float32), array([174.11761], dtype=float32), array([172.97783], dtype=float32), array([170.4176], dtype=float32), array([171.73932], dtype=float32), array([171.35886], dtype=float32), array([170.0804], dtype=float32), array([170.06674], dtype=float32), array([169.50595], dtype=float32), array([169.63907], dtype=float32), array([169.71606], dtype=float32), array([172.43922], dtype=float32), array([171.94261], dtype=float32), array([172.26779], dtype=float32), array([172.20671], dtype=float32), array([173.59256], dtype=float32), array([175.47765], dtype=float32), array([174.36668], dtype=float32), array([174.20189], dtype=float32), array([174.67969], dtype=float32), array([174.7552], dtype=float32), array([171.13873], dtype=float32), array([170.79704], dtype=float32), array([171.21472], dtype=float32), array([169.79381], dtype=float32), array([171.59875], dtype=float32), array([172.26317], dtype=float32), array([173.02304], dtype=float32), array([174.7453], dtype=float32), array([174.22528], dtype=float32), array([174.1041], dtype=float32), array([174.19547], dtype=float32), array([174.86899], dtype=float32), array([176.40152], dtype=float32), array([175.94276], dtype=float32), array([178.0411], dtype=float32), array([178.52666], dtype=float32), array([178.16574], dtype=float32), array([176.82008], dtype=float32), array([176.98038], dtype=float32), array([174.48914], dtype=float32), array([171.98279], dtype=float32), array([171.9064], dtype=float32), array([169.6491], dtype=float32), array([168.57628], dtype=float32), array([168.79596], dtype=float32), array([168.88338], dtype=float32)]","[array([156.59108], dtype=float32), array([158.62157], dtype=float32), array([158.6937], dtype=float32), array([157.27928], dtype=float32), array([157.07861], dtype=float32), array([156.84184], dtype=float32), array([158.03856], dtype=float32), array([158.21675], dtype=float32), array([158.60294], dtype=float32), array([158.337], dtype=float32), array([155.83493], dtype=float32), array([156.25038], dtype=float32), array([157.12291], dtype=float32), array([157.77652], dtype=float32), array([160.40532], dtype=float32), array([159.76022], dtype=float32), array([158.52182], dtype=float32), array([159.99835], dtype=float32), array([161.2781], dtype=float32), array([161.70921], dtype=float32), array([162.49077], dtype=float32), array([161.96394], dtype=float32), array([161.10098], dtype=float32), array([161.13074], dtype=float32), array([161.01517], dtype=float32), array([160.4305], dtype=float32), array([160.78899], dtype=float32), array([160.83351], dtype=float32), array([160.5256], dtype=float32), array([159.87854], dtype=float32), array([160.1093], dtype=float32), array([158.51573], dtype=float32), array([156.89781], dtype=float32), array([154.2447], dtype=float32), array([152.92569], dtype=float32), array([152.10172], dtype=float32), array([155.27574], dtype=float32), array([153.70418], dtype=float32), array([155.67847], dtype=float32), array([154.7551], dtype=float32), array([155.0354], dtype=float32), array([154.82759], dtype=float32), array([155.3111], dtype=float32), array([155.81502], dtype=float32), array([156.8488], dtype=float32), array([156.00616], dtype=float32), array([155.74109], dtype=float32), array([155.25024], dtype=float32), array([156.53236], dtype=float32), array([156.90012], dtype=float32), array([158.03317], dtype=float32), array([159.11409], dtype=float32), array([158.92183], dtype=float32), array([157.64574], dtype=float32), array([157.04909], dtype=float32), array([157.0765], dtype=float32), array([155.83522], dtype=float32), array([155.85419], dtype=float32), array([159.26886], dtype=float32), array([162.1582], dtype=float32), array([166.40898], dtype=float32), array([168.39742], dtype=float32), array([166.65448], dtype=float32), array([168.68445], dtype=float32), array([171.4151], dtype=float32), array([172.97786], dtype=float32), array([174.5632], dtype=float32), array([175.70699], dtype=float32), array([173.2824], dtype=float32), array([173.07463], dtype=float32), array([171.60822], dtype=float32), array([171.42703], dtype=float32), array([171.47336], dtype=float32), array([169.70493], dtype=float32), array([170.352], dtype=float32), array([170.5988], dtype=float32), array([174.66893], dtype=float32), array([172.9348], dtype=float32), array([173.65921], dtype=float32), array([173.44829], dtype=float32), array([172.3274], dtype=float32), array([172.17723], dtype=float32), array([172.4453], dtype=float32), array([172.10167], dtype=float32), array([171.76791], dtype=float32), array([171.18591], dtype=float32), array([170.23172], dtype=float32), array([170.06133], dtype=float32), array([170.94308], dtype=float32), array([172.36209], dtype=float32), array([172.14243], dtype=float32), array([173.26784], dtype=float32), array([172.14993], dtype=float32), array([172.22675], dtype=float32), array([174.38959], dtype=float32), array([174.23969], dtype=float32), array([174.10986], dtype=float32), array([173.93936], dtype=float32), array([174.06238], dtype=float32), array([172.86705], dtype=float32), array([171.9944], dtype=float32), array([171.65955], dtype=float32), array([169.82155], dtype=float32), array([171.63023], dtype=float32), array([172.21526], dtype=float32), array([172.79088], dtype=float32), array([173.36076], dtype=float32), array([173.246], dtype=float32), array([173.40111], dtype=float32), array([173.9064], dtype=float32), array([174.4105], dtype=float32), array([175.82582], dtype=float32), array([175.81625], dtype=float32), array([177.79146], dtype=float32), array([177.26593], dtype=float32), array([177.67503], dtype=float32), array([177.42224], dtype=float32), array([176.44771], dtype=float32), array([175.79475], dtype=float32), array([174.03218], dtype=float32), array([172.00665], dtype=float32), array([168.84624], dtype=float32), array([166.88269], dtype=float32), array([168.35217], dtype=float32)]","[array([157.87094], dtype=float32), array([158.94707], dtype=float32), array([159.91063], dtype=float32), array([155.2847], dtype=float32), array([157.34042], dtype=float32), array([159.34663], dtype=float32), array([160.83173], dtype=float32), array([160.39288], dtype=float32), array([157.58572], dtype=float32), array([157.24402], dtype=float32), array([156.95105], dtype=float32), array([159.46442], dtype=float32), array([159.69754], dtype=float32), array([159.09277], dtype=float32), array([159.65742], dtype=float32), array([161.0588], dtype=float32), array([162.29562], dtype=float32), array([162.74603], dtype=float32), array([163.39572], dtype=float32), array([163.58366], dtype=float32), array([161.99316], dtype=float32), array([161.88223], dtype=float32), array([161.27277], dtype=float32), array([158.73076], dtype=float32), array([161.476], dtype=float32), array([160.82657], dtype=float32), array([159.67737], dtype=float32), array([158.43591], dtype=float32), array([159.87608], dtype=float32), array([158.74413], dtype=float32), array([158.74588], dtype=float32), array([156.70403], dtype=float32), array([154.96419], dtype=float32), array([153.53825], dtype=float32), array([152.17952], dtype=float32), array([153.49783], dtype=float32), array([154.44102], dtype=float32), array([153.5074], dtype=float32), array([154.20564], dtype=float32), array([153.85785], dtype=float32), array([154.4876], dtype=float32), array([153.52727], dtype=float32), array([155.36966], dtype=float32), array([155.23141], dtype=float32), array([155.76381], dtype=float32), array([155.84343], dtype=float32), array([156.50519], dtype=float32), array([155.9831], dtype=float32), array([156.98376], dtype=float32), array([159.27423], dtype=float32), array([159.79898], dtype=float32), array([159.36598], dtype=float32), array([156.17024], dtype=float32), array([156.4147], dtype=float32), array([156.26434], dtype=float32), array([157.15782], dtype=float32), array([156.46774], dtype=float32), array([157.42822], dtype=float32), array([161.51736], dtype=float32), array([163.82782], dtype=float32), array([166.0707], dtype=float32), array([165.9204], dtype=float32), array([166.96448], dtype=float32), array([170.18483], dtype=float32), array([172.0702], dtype=float32), array([173.16034], dtype=float32), array([174.63579], dtype=float32), array([174.72826], dtype=float32), array([173.92561], dtype=float32), array([173.39963], dtype=float32), array([171.01875], dtype=float32), array([168.90775], dtype=float32), array([170.91226], dtype=float32), array([170.00076], dtype=float32), array([169.91434], dtype=float32), array([172.98671], dtype=float32), array([174.71408], dtype=float32), array([174.75092], dtype=float32), array([174.05595], dtype=float32), array([173.19362], dtype=float32), array([169.68906], dtype=float32), array([171.76318], dtype=float32), array([170.93132], dtype=float32), array([169.95866], dtype=float32), array([169.80902], dtype=float32), array([169.20949], dtype=float32), array([169.41527], dtype=float32), array([169.43005], dtype=float32), array([172.59755], dtype=float32), array([171.65154], dtype=float32), array([172.22296], dtype=float32), array([172.16614], dtype=float32), array([173.84987], dtype=float32), array([175.77425], dtype=float32), array([174.43564], dtype=float32), array([174.25833], dtype=float32), array([174.90633], dtype=float32), array([174.93237], dtype=float32), array([170.7443], dtype=float32), array([170.67683], dtype=float32), array([171.11682], dtype=float32), array([169.40446], dtype=float32), array([172.22891], dtype=float32), array([172.24155], dtype=float32), array([173.05623], dtype=float32), array([174.97217], dtype=float32), array([174.42697], dtype=float32), array([174.3558], dtype=float32), array([174.2857], dtype=float32), array([175.24309], dtype=float32), array([176.74872], dtype=float32), array([176.07712], dtype=float32), array([178.35353], dtype=float32), array([178.70703], dtype=float32), array([178.22601], dtype=float32), array([177.01567], dtype=float32), array([177.06029], dtype=float32), array([174.29787], dtype=float32), array([171.42995], dtype=float32), array([171.74646], dtype=float32), array([168.95026], dtype=float32), array([168.04195], dtype=float32), array([168.18488], dtype=float32), array([168.27487], dtype=float32)]"
1,"[ 945.75  944.19  940.08  923.59  930.09  938.93  938.08  944.27  927.66
  926.18  920.87  940.4   942.58  936.89  930.5   928.13  935.75  943.63
  955.24  951.99  941.48  942.02  949.89  941.41  943.29  946.65  950.44
  940.13  935.29  929.75  936.86  947.54  947.55  943.26  934.28  937.43
  959.9   964.81  973.72  967.47  972.08  966.78  985.19  993.64  992.31
  987.8  1005.65 1005.65 1007.87 1009.35 1011.   1012.74 1001.84 1005.07
  985.54  988.49  991.46  991.42 1033.67 1033.13 1033.04 1042.6  1042.97
 1049.99 1042.68 1052.39 1058.29 1047.72 1044.15 1041.2  1041.64 1036.41
 1048.47 1035.89 1034.66 1050.3  1051.92 1056.52 1072.01 1063.29 1037.38
 1036.17 1025.07 1011.87 1019.6  1032.72 1044.57 1049.38 1051.97 1048.77
 1051.39 1057.47 1072.   1085.09 1079.78 1073.56 1070.85 1068.86 1065.85
 1060.2  1055.95 1053.4  1073.21 1091.52 1095.76 1110.29 1114.21 1112.79
 1110.14 1112.05 1130.65 1130.7  1139.1  1135.97 1143.5  1164.16 1176.17
 1171.29 1182.14 1187.56 1186.48 1177.37 1182.22 1181.59]","[array([946.8576], dtype=float32), array([945.54065], dtype=float32), array([941.8531], dtype=float32), array([928.26495], dtype=float32), array([932.7111], dtype=float32), array([939.14746], dtype=float32), array([938.0542], dtype=float32), array([943.0957], dtype=float32), array([930.0311], dtype=float32), array([926.7955], dtype=float32), array([922.06085], dtype=float32), array([939.2318], dtype=float32), array([942.9468], dtype=float32), array([938.1612], dtype=float32), array([931.57635], dtype=float32), array([928.1758], dtype=float32), array([934.92847], dtype=float32), array([942.6057], dtype=float32), array([951.0343], dtype=float32), array([949.61694], dtype=float32), array([940.8805], dtype=float32), array([941.132], dtype=float32), array([948.0733], dtype=float32), array([941.27716], dtype=float32), array([943.33307], dtype=float32), array([945.51025], dtype=float32), array([948.47504], dtype=float32), array([940.01105], dtype=float32), array([936.4499], dtype=float32), array([929.6784], dtype=float32), array([936.30066], dtype=float32), array([945.5438], dtype=float32), array([946.5384], dtype=float32), array([943.63], dtype=float32), array([934.35364], dtype=float32), array([937.86206], dtype=float32), array([954.98706], dtype=float32), array([960.56256], dtype=float32), array([966.3441], dtype=float32), array([964.27893], dtype=float32), array([968.36224], dtype=float32), array([966.146], dtype=float32), array([979.5248], dtype=float32), array([985.80444], dtype=float32), array([987.0197], dtype=float32), array([983.6672], dtype=float32), array([998.02576], dtype=float32), array([1000.57434], dtype=float32), array([1003.351], dtype=float32), array([1005.8271], dtype=float32), array([1007.15735], dtype=float32), array([1009.42773], dtype=float32), array([999.84344], dtype=float32), array([1004.2647], dtype=float32), array([985.25507], dtype=float32), array([988.16986], dtype=float32), array([990.1934], dtype=float32), array([991.07806], dtype=float32), array([1024.6184], dtype=float32), array([1027.9199], dtype=float32), array([1029.1838], dtype=float32), array([1035.8698], dtype=float32), array([1038.4186], dtype=float32), array([1044.7544], dtype=float32), array([1041.4777], dtype=float32), array([1047.3241], dtype=float32), array([1052.9038], dtype=float32), array([1045.5576], dtype=float32), array([1041.2527], dtype=float32), array([1039.847], dtype=float32), array([1040.6827], dtype=float32), array([1035.3309], dtype=float32), array([1045.1193], dtype=float32), array([1037.1431], dtype=float32), array([1035.1185], dtype=float32), array([1048.009], dtype=float32), array([1050.9147], dtype=float32), array([1055.7656], dtype=float32), array([1064.4442], dtype=float32), array([1061.8438], dtype=float32), array([1040.4819], dtype=float32), array([1036.2802], dtype=float32), array([1027.9778], dtype=float32), array([1019.6232], dtype=float32), array([1021.0171], dtype=float32), array([1032.1692], dtype=float32), array([1042.9347], dtype=float32), array([1047.7175], dtype=float32), array([1051.3573], dtype=float32), array([1048.0045], dtype=float32), array([1052.2423], dtype=float32), array([1056.8488], dtype=float32), array([1068.473], dtype=float32), array([1077.8425], dtype=float32), array([1076.6486], dtype=float32), array([1071.5504], dtype=float32), array([1069.7333], dtype=float32), array([1068.1847], dtype=float32), array([1064.8467], dtype=float32), array([1059.599], dtype=float32), array([1055.6763], dtype=float32), array([1053.7151], dtype=float32), array([1071.4113], dtype=float32), array([1087.0623], dtype=float32), array([1091.8317], dtype=float32), array([1100.6418], dtype=float32), array([1105.3083], dtype=float32), array([1107.3015], dtype=float32), array([1107.4154], dtype=float32), array([1109.6233], dtype=float32), array([1123.3888], dtype=float32), array([1125.6123], dtype=float32), array([1131.9717], dtype=float32), array([1130.592], dtype=float32), array([1138.1586], dtype=float32), array([1154.539], dtype=float32), array([1165.1445], dtype=float32), array([1164.7771], dtype=float32), array([1173.672], dtype=float32), array([1180.0919], dtype=float32), array([1181.6423], dtype=float32), array([1175.7495], dtype=float32), array([1179.5021], dtype=float32), array([1179.5366], dtype=float32)]","[array([947.228], dtype=float32), array([944.4559], dtype=float32), array([949.34766], dtype=float32), array([942.15753], dtype=float32), array([933.98157], dtype=float32), array([942.4856], dtype=float32), array([939.3758], dtype=float32), array([939.5357], dtype=float32), array([941.61346], dtype=float32), array([940.2341], dtype=float32), array([932.1887], dtype=float32), array([926.75433], dtype=float32), array([938.4385], dtype=float32), array([938.33484], dtype=float32), array([939.91833], dtype=float32), array([935.9478], dtype=float32), array([936.00726], dtype=float32), array([937.13873], dtype=float32), array([942.75836], dtype=float32), array([946.1846], dtype=float32), array([944.5922], dtype=float32), array([941.10034], dtype=float32), array([940.9343], dtype=float32), array([935.9908], dtype=float32), array([940.48627], dtype=float32), array([940.185], dtype=float32), array([943.8468], dtype=float32), array([945.55963], dtype=float32), array([942.6238], dtype=float32), array([938.1197], dtype=float32), array([938.2595], dtype=float32), array([938.7012], dtype=float32), array([940.05493], dtype=float32), array([941.9615], dtype=float32), array([940.8349], dtype=float32), array([937.83905], dtype=float32), array([944.1667], dtype=float32), array([951.4193], dtype=float32), array([964.5179], dtype=float32), array([968.4775], dtype=float32), array([964.3644], dtype=float32), array([965.9988], dtype=float32), array([969.14575], dtype=float32), array([978.83356], dtype=float32), array([987.5304], dtype=float32), array([990.7327], dtype=float32), array([991.3852], dtype=float32), array([992.866], dtype=float32), array([999.4825], dtype=float32), array([995.70734], dtype=float32), array([1007.7172], dtype=float32), array([1006.1597], dtype=float32), array([1008.9312], dtype=float32), array([998.25195], dtype=float32), array([1002.34973], dtype=float32), array([995.82904], dtype=float32), array([984.13635], dtype=float32), array([991.1081], dtype=float32), array([1007.2414], dtype=float32), array([1021.4], dtype=float32), array([1023.89484], dtype=float32), array([1026.1128], dtype=float32), array([1034.1311], dtype=float32), array([1038.5754], dtype=float32), array([1041.9265], dtype=float32), array([1047.5682], dtype=float32), array([1049.397], dtype=float32), array([1054.467], dtype=float32), array([1049.7146], dtype=float32), array([1047.4216], dtype=float32), array([1039.6646], dtype=float32), array([1045.0222], dtype=float32), array([1035.7354], dtype=float32), array([1035.5381], dtype=float32), array([1034.5304], dtype=float32), array([1034.7191], dtype=float32), array([1038.01], dtype=float32), array([1054.125], dtype=float32), array([1054.9701], dtype=float32), array([1063.9595], dtype=float32), array([1052.753], dtype=float32), array([1047.8882], dtype=float32), array([1032.9075], dtype=float32), array([1023.53986], dtype=float32), array([1021.90314], dtype=float32), array([1030.0526], dtype=float32), array([1034.8887], dtype=float32), array([1037.5055], dtype=float32), array([1037.2396], dtype=float32), array([1042.7164], dtype=float32), array([1047.5415], dtype=float32), array([1057.0171], dtype=float32), array([1050.4526], dtype=float32), array([1061.9854], dtype=float32), array([1067.3336], dtype=float32), array([1064.1564], dtype=float32), array([1063.0883], dtype=float32), array([1063.2491], dtype=float32), array([1062.4746], dtype=float32), array([1065.6907], dtype=float32), array([1063.6796], dtype=float32), array([1063.7733], dtype=float32), array([1057.9463], dtype=float32), array([1067.8517], dtype=float32), array([1081.0687], dtype=float32), array([1090.4624], dtype=float32), array([1104.8823], dtype=float32), array([1104.0005], dtype=float32), array([1107.6919], dtype=float32), array([1108.861], dtype=float32), array([1112.6992], dtype=float32), array([1121.9515], dtype=float32), array([1124.3176], dtype=float32), array([1131.301], dtype=float32), array([1129.6653], dtype=float32), array([1136.0638], dtype=float32), array([1154.3204], dtype=float32), array([1162.4064], dtype=float32), array([1175.0717], dtype=float32), array([1188.5736], dtype=float32), array([1188.6165], dtype=float32), array([1182.0621], dtype=float32), array([1181.7227], dtype=float32), array([1183.2943], dtype=float32)]","[array([946.4499], dtype=float32), array([944.8692], dtype=float32), array([941.49603], dtype=float32), array([928.1832], dtype=float32), array([932.8755], dtype=float32), array([940.1492], dtype=float32), array([938.99646], dtype=float32), array([944.7059], dtype=float32), array([928.64935], dtype=float32), array([927.22266], dtype=float32), array([922.55023], dtype=float32), array([939.72046], dtype=float32), array([941.51227], dtype=float32), array([936.1689], dtype=float32), array([930.4164], dtype=float32), array([928.36084], dtype=float32), array([935.5328], dtype=float32), array([943.06085], dtype=float32), array([952.3043], dtype=float32), array([950.6113], dtype=float32), array([941.04193], dtype=float32), array([941.3043], dtype=float32), array([948.73865], dtype=float32), array([940.7186], dtype=float32), array([942.815], dtype=float32), array([945.9185], dtype=float32), array([949.2553], dtype=float32), array([939.47705], dtype=float32), array([934.756], dtype=float32), array([929.96387], dtype=float32), array([936.64746], dtype=float32), array([946.9588], dtype=float32), array([947.1116], dtype=float32), array([942.9679], dtype=float32), array([934.5063], dtype=float32), array([937.4191], dtype=float32), array([956.93054], dtype=float32), array([961.6601], dtype=float32), array([967.32086], dtype=float32), array([964.8365], dtype=float32), array([968.3031], dtype=float32), array([964.6179], dtype=float32), array([979.1856], dtype=float32), array([986.239], dtype=float32), array([987.46375], dtype=float32), array([984.5824], dtype=float32), array([998.6801], dtype=float32), array([999.9233], dtype=float32), array([1002.86554], dtype=float32), array([1004.78876], dtype=float32), array([1006.7527], dtype=float32), array([1008.7598], dtype=float32), array([999.3526], dtype=float32), array([1002.97815], dtype=float32), array([984.06146], dtype=float32), array([987.71954], dtype=float32), array([990.68335], dtype=float32), array([990.70764], dtype=float32), array([1026.3708], dtype=float32), array([1029.1399], dtype=float32), array([1029.5027], dtype=float32), array([1036.4764], dtype=float32), array([1037.5864], dtype=float32), array([1044.042], dtype=float32), array([1039.5516], dtype=float32), array([1048.341], dtype=float32), array([1053.452], dtype=float32), array([1045.3047], dtype=float32), array([1042.2556], dtype=float32), array([1039.3479], dtype=float32), array([1039.7736], dtype=float32), array([1034.5581], dtype=float32), array([1046.5834], dtype=float32), array([1034.235], dtype=float32), array([1033.7399], dtype=float32), array([1049.2031], dtype=float32), array([1050.8079], dtype=float32), array([1055.0735], dtype=float32), array([1064.7571], dtype=float32), array([1061.7424], dtype=float32), array([1038.7139], dtype=float32), array([1035.733], dtype=float32), array([1027.9598], dtype=float32), array([1019.1819], dtype=float32), array([1021.91565], dtype=float32), array([1033.2922], dtype=float32), array([1044.901], dtype=float32), array([1049.4413], dtype=float32), array([1051.4989], dtype=float32), array([1048.0739], dtype=float32), array([1050.5947], dtype=float32), array([1056.3419], dtype=float32), array([1068.7871], dtype=float32), array([1078.9722], dtype=float32), array([1076.8418], dtype=float32), array([1071.838], dtype=float32), array([1069.5211], dtype=float32), array([1067.8423], dtype=float32), array([1065.0894], dtype=float32), array([1059.3588], dtype=float32), array([1054.7413], dtype=float32), array([1052.286], dtype=float32), array([1071.8853], dtype=float32), array([1087.7183], dtype=float32), array([1091.4094], dtype=float32), array([1101.4957], dtype=float32), array([1106.0806], dtype=float32), array([1107.2665], dtype=float32), array([1106.4325], dtype=float32), array([1108.8323], dtype=float32), array([1123.9948], dtype=float32), array([1125.5754], dtype=float32), array([1132.9973], dtype=float32), array([1131.3202], dtype=float32), array([1137.8835], dtype=float32), array([1154.5449], dtype=float32), array([1165.5133], dtype=float32), array([1164.2566], dtype=float32), array([1174.0376], dtype=float32), array([1179.6605], dtype=float32), array([1180.3417], dtype=float32), array([1173.4907], dtype=float32), array([1178.1348], dtype=float32), array([1177.557], dtype=float32)]"
2,"[143.47  142.11  141.77  141.84  141.84  142.32  142.07  142.5   140.7
 139.7   140.33  141.01  142.14  142.94  143.74  142.51  143.14  142.56
 143.03  144.08  143.04  143.82  142.9   142.45  144.86  145.76  145.99
 145.54  144.82  144.55  144.39  145.88  145.26  145.13  145.87  146.56
 145.66  145.66  145.08  146.66  146.78  146.48  146.72  146.48  147.39
 148.5   147.62  147.03  147.1   146.83  146.54  159.53  160.9   162.07
 159.55  155.88  153.495 153.6   153.68  154.36  154.06  154.03  153.35
 151.58  150.84  151.35  151.57  150.3   149.16  148.4   148.89  147.1
 149.12  148.97  150.51  151.95  151.77  151.84  151.98  152.47  153.55
 153.97  154.76  156.46  155.35  154.1   153.57  154.81  155.41  156.74
 153.91  154.    152.5   153.33  153.23  152.95  151.5   152.5   152.83
 153.13  154.04  153.42  154.25  158.49  161.7   162.49  163.47  163.83
 164.18  164.2   163.14  163.85  168.65  169.12  162.37  162.6   166.25
 165.37  165.47  167.34  166.8   163.62  163.7   162.4  ]","[array([143.74863], dtype=float32), array([142.75264], dtype=float32), array([142.2791], dtype=float32), array([142.25195], dtype=float32), array([142.20341], dtype=float32), array([142.62102], dtype=float32), array([142.40453], dtype=float32), array([142.69382], dtype=float32), array([141.22346], dtype=float32), array([140.4169], dtype=float32), array([140.81076], dtype=float32), array([141.3218], dtype=float32), array([142.14735], dtype=float32), array([142.8379], dtype=float32), array([143.5024], dtype=float32), array([142.58424], dtype=float32), array([143.02876], dtype=float32), array([142.51358], dtype=float32), array([142.97583], dtype=float32), array([143.71254], dtype=float32), array([143.03264], dtype=float32), array([143.5813], dtype=float32), array([142.81453], dtype=float32), array([142.49835], dtype=float32), array([144.36833], dtype=float32), array([145.17049], dtype=float32), array([145.43417], dtype=float32), array([145.20152], dtype=float32), array([144.70851], dtype=float32), array([144.45007], dtype=float32), array([144.3949], dtype=float32), array([145.36313], dtype=float32), array([145.13905], dtype=float32), array([145.08044], dtype=float32), array([145.68115], dtype=float32), array([146.2325], dtype=float32), array([145.57065], dtype=float32), array([145.50975], dtype=float32), array([145.20241], dtype=float32), array([146.23965], dtype=float32), array([146.51086], dtype=float32), array([146.18478], dtype=float32), array([146.5725], dtype=float32), array([146.3787], dtype=float32), array([147.01526], dtype=float32), array([147.82529], dtype=float32), array([147.44923], dtype=float32), array([146.97987], dtype=float32), array([146.96689], dtype=float32), array([146.77121], dtype=float32), array([146.51787], dtype=float32), array([149.46153], dtype=float32), array([155.76756], dtype=float32), array([158.33968], dtype=float32), array([158.01904], dtype=float32), array([155.23466], dtype=float32), array([153.5655], dtype=float32), array([153.37526], dtype=float32), array([153.67154], dtype=float32), array([154.69781], dtype=float32), array([153.99591], dtype=float32), array([153.94946], dtype=float32), array([153.41348], dtype=float32), array([151.42014], dtype=float32), array([151.31483], dtype=float32), array([151.56499], dtype=float32), array([151.80273], dtype=float32), array([150.71516], dtype=float32), array([149.84659], dtype=float32), array([148.887], dtype=float32), array([149.52255], dtype=float32), array([147.87822], dtype=float32), array([149.54243], dtype=float32), array([149.39919], dtype=float32), array([150.5835], dtype=float32), array([151.75815], dtype=float32), array([151.68925], dtype=float32), array([151.64723], dtype=float32), array([151.89346], dtype=float32), array([152.22714], dtype=float32), array([153.29063], dtype=float32), array([153.44049], dtype=float32), array([153.97243], dtype=float32), array([155.12994], dtype=float32), array([154.84663], dtype=float32), array([153.81331], dtype=float32), array([153.43613], dtype=float32), array([154.49637], dtype=float32), array([154.91754], dtype=float32), array([156.00569], dtype=float32), array([154.019], dtype=float32), array([153.9428], dtype=float32), array([152.43707], dtype=float32), array([153.39665], dtype=float32), array([153.2305], dtype=float32), array([153.10376], dtype=float32), array([151.8899], dtype=float32), array([152.51805], dtype=float32), array([152.95393], dtype=float32), array([153.02905], dtype=float32), array([153.81505], dtype=float32), array([153.46161], dtype=float32), array([154.172], dtype=float32), array([156.95038], dtype=float32), array([158.27824], dtype=float32), array([160.04155], dtype=float32), array([161.51704], dtype=float32), array([162.3213], dtype=float32), array([162.97765], dtype=float32), array([163.00629], dtype=float32), array([162.37334], dtype=float32), array([163.0212], dtype=float32), array([166.27448], dtype=float32), array([167.45995], dtype=float32), array([162.10115], dtype=float32), array([162.39255], dtype=float32), array([165.72069], dtype=float32), array([165.10754], dtype=float32), array([164.88878], dtype=float32), array([166.93686], dtype=float32), array([166.7054], dtype=float32), array([163.52042], dtype=float32), array([163.66216], dtype=float32), array([162.37445], dtype=float32)]","[array([144.16348], dtype=float32), array([142.10712], dtype=float32), array([141.53348], dtype=float32), array([142.67415], dtype=float32), array([142.0797], dtype=float32), array([141.68143], dtype=float32), array([142.60367], dtype=float32), array([142.05312], dtype=float32), array([141.96721], dtype=float32), array([140.54628], dtype=float32), array([140.12587], dtype=float32), array([141.12347], dtype=float32), array([141.664], dtype=float32), array([141.8681], dtype=float32), array([142.5327], dtype=float32), array([142.92378], dtype=float32), array([143.51372], dtype=float32), array([143.0673], dtype=float32), array([142.59224], dtype=float32), array([142.67943], dtype=float32), array([142.9862], dtype=float32), array([143.26749], dtype=float32), array([143.25885], dtype=float32), array([143.18697], dtype=float32), array([143.6973], dtype=float32), array([144.25201], dtype=float32), array([144.95296], dtype=float32), array([144.95193], dtype=float32), array([144.96674], dtype=float32), array([144.85594], dtype=float32), array([144.29796], dtype=float32), array([144.99161], dtype=float32), array([144.67674], dtype=float32), array([144.67693], dtype=float32), array([145.14209], dtype=float32), array([145.54941], dtype=float32), array([145.66702], dtype=float32), array([145.18073], dtype=float32), array([145.46552], dtype=float32), array([145.59064], dtype=float32), array([145.93439], dtype=float32), array([145.885], dtype=float32), array([146.44283], dtype=float32), array([146.20602], dtype=float32), array([146.86691], dtype=float32), array([147.53807], dtype=float32), array([147.49855], dtype=float32), array([147.07837], dtype=float32), array([147.04532], dtype=float32), array([146.83032], dtype=float32), array([146.19824], dtype=float32), array([148.54007], dtype=float32), array([156.92143], dtype=float32), array([159.11224], dtype=float32), array([160.89175], dtype=float32), array([160.13957], dtype=float32), array([158.85686], dtype=float32), array([155.84671], dtype=float32), array([153.93124], dtype=float32), array([155.31439], dtype=float32), array([155.72676], dtype=float32), array([154.22778], dtype=float32), array([151.44067], dtype=float32), array([151.56152], dtype=float32), array([152.59276], dtype=float32), array([151.3493], dtype=float32), array([151.40872], dtype=float32), array([150.34288], dtype=float32), array([149.90164], dtype=float32), array([151.76053], dtype=float32), array([149.16507], dtype=float32), array([149.25943], dtype=float32), array([148.8274], dtype=float32), array([150.01852], dtype=float32), array([150.38493], dtype=float32), array([150.56459], dtype=float32), array([150.44345], dtype=float32), array([151.97946], dtype=float32), array([151.71347], dtype=float32), array([151.63869], dtype=float32), array([152.27643], dtype=float32), array([152.84636], dtype=float32), array([152.9988], dtype=float32), array([154.07233], dtype=float32), array([155.88605], dtype=float32), array([154.59274], dtype=float32), array([153.95627], dtype=float32), array([153.21135], dtype=float32), array([153.77524], dtype=float32), array([154.50795], dtype=float32), array([154.15607], dtype=float32), array([155.02495], dtype=float32), array([154.07048], dtype=float32), array([152.92885], dtype=float32), array([153.0722], dtype=float32), array([153.62555], dtype=float32), array([152.93272], dtype=float32), array([151.71933], dtype=float32), array([152.63206], dtype=float32), array([152.63101], dtype=float32), array([153.03787], dtype=float32), array([152.98985], dtype=float32), array([154.41411], dtype=float32), array([154.81831], dtype=float32), array([156.99893], dtype=float32), array([160.49968], dtype=float32), array([160.37054], dtype=float32), array([161.51112], dtype=float32), array([162.72487], dtype=float32), array([163.20337], dtype=float32), array([163.01129], dtype=float32), array([162.05453], dtype=float32), array([165.08232], dtype=float32), array([167.58025], dtype=float32), array([165.09079], dtype=float32), array([162.2436], dtype=float32), array([162.54912], dtype=float32), array([163.3136], dtype=float32), array([163.28777], dtype=float32), array([163.75284], dtype=float32), array([164.61339], dtype=float32), array([165.67857], dtype=float32), array([164.76045], dtype=float32), array([164.42116], dtype=float32)]","[array([143.93121], dtype=float32), array([142.68918], dtype=float32), array([142.27335], dtype=float32), array([142.22095], dtype=float32), array([142.15599], dtype=float32), array([142.54948], dtype=float32), array([142.3198], dtype=float32), array([142.61299], dtype=float32), array([141.04556], dtype=float32), array([140.29475], dtype=float32), array([140.64435], dtype=float32), array([141.1854], dtype=float32), array([142.19519], dtype=float32), array([142.94373], dtype=float32), array([143.69183], dtype=float32), array([142.45238], dtype=float32), array([143.13988], dtype=float32), array([142.53923], dtype=float32), array([143.07053], dtype=float32), array([143.98016], dtype=float32), array([142.99808], dtype=float32), array([143.69574], dtype=float32), array([142.8614], dtype=float32), array([142.45285], dtype=float32), array([144.59605], dtype=float32), array([145.29553], dtype=float32), array([145.59198], dtype=float32), array([145.34282], dtype=float32), array([144.7605], dtype=float32), array([144.52542], dtype=float32), array([144.37123], dtype=float32), array([145.72217], dtype=float32), array([145.18188], dtype=float32), array([145.05136], dtype=float32), array([145.707], dtype=float32), array([146.28215], dtype=float32), array([145.54684], dtype=float32), array([145.57332], dtype=float32), array([145.01796], dtype=float32), array([146.53075], dtype=float32), array([146.64764], dtype=float32), array([146.37634], dtype=float32), array([146.56848], dtype=float32), array([146.31416], dtype=float32), array([147.14548], dtype=float32), array([147.8803], dtype=float32), array([147.54929], dtype=float32), array([147.0178], dtype=float32), array([147.08636], dtype=float32), array([146.82724], dtype=float32), array([146.5426], dtype=float32), array([149.74834], dtype=float32), array([157.10805], dtype=float32), array([159.39816], dtype=float32), array([158.63493], dtype=float32), array([155.67435], dtype=float32), array([153.49919], dtype=float32), array([153.71356], dtype=float32), array([153.77629], dtype=float32), array([154.37125], dtype=float32), array([153.9629], dtype=float32), array([153.90959], dtype=float32), array([153.22798], dtype=float32), array([151.51907], dtype=float32), array([150.85469], dtype=float32), array([151.3291], dtype=float32), array([151.48804], dtype=float32), array([150.16403], dtype=float32), array([149.0537], dtype=float32), array([148.35371], dtype=float32), array([148.83244], dtype=float32), array([147.70271], dtype=float32), array([149.29463], dtype=float32), array([149.14053], dtype=float32), array([150.60002], dtype=float32), array([151.94862], dtype=float32), array([151.76094], dtype=float32), array([151.83858], dtype=float32), array([151.95293], dtype=float32), array([152.46036], dtype=float32), array([153.40787], dtype=float32), array([153.71161], dtype=float32), array([154.33679], dtype=float32), array([155.50519], dtype=float32), array([155.08006], dtype=float32), array([154.05022], dtype=float32), array([153.55792], dtype=float32), array([154.70381], dtype=float32), array([155.23105], dtype=float32), array([156.37657], dtype=float32), array([153.91026], dtype=float32), array([154.08784], dtype=float32), array([152.62016], dtype=float32), array([153.5221], dtype=float32), array([153.41853], dtype=float32), array([153.15533], dtype=float32), array([151.81546], dtype=float32), array([152.65639], dtype=float32), array([152.95364], dtype=float32), array([153.24454], dtype=float32), array([154.13603], dtype=float32), array([153.51718], dtype=float32), array([154.34946], dtype=float32), array([157.31335], dtype=float32), array([158.96458], dtype=float32), array([160.6819], dtype=float32), array([161.80142], dtype=float32), array([162.51399], dtype=float32), array([163.09528], dtype=float32), array([163.3738], dtype=float32), array([162.65073], dtype=float32), array([163.33476], dtype=float32), array([167.20833], dtype=float32), array([167.94714], dtype=float32), array([162.43852], dtype=float32), array([162.82466], dtype=float32), array([166.26959], dtype=float32), array([165.40225], dtype=float32), array([165.54834], dtype=float32), array([167.25943], dtype=float32), array([166.68544], dtype=float32), array([163.53636], dtype=float32), array([163.68567], dtype=float32), array([162.6136], dtype=float32)]"
3,"[72.4  72.79 72.47 71.41 72.5  73.59 73.22 73.65 72.4  72.49 72.15 73.16
 72.72 72.69 72.82 72.83 73.05 74.01 74.77 73.94 73.61 73.4  74.34 73.98
 74.76 74.68 75.21 74.77 75.31 75.16 75.44 74.94 74.21 74.41 73.26 73.26
 73.85 73.87 74.49 74.61 74.26 74.69 75.97 76.   76.29 76.29 76.42 77.12
 77.49 77.65 77.59 77.61 77.91 78.81 78.83 78.86 78.63 78.76 83.81 83.89
 83.18 83.18 84.05 84.14 84.47 84.27 84.56 84.09 83.87 83.93 84.05 82.98
 83.2  82.4  82.53 83.72 83.11 83.26 83.87 84.88 83.34 84.17 84.26 81.08
 81.59 82.78 82.49 84.16 85.23 85.58 85.35 84.69 86.85 86.38 85.83 85.52
 85.5  85.51 85.4  85.71 85.72 85.54 85.95 86.35 87.11 88.19 88.28 88.22
 87.82 88.08 89.6  88.35 90.14 90.1  90.   91.61 91.9  91.82 92.33 94.06
 93.92 92.74 95.01 94.26]","[array([72.550156], dtype=float32), array([72.81399], dtype=float32), array([72.56829], dtype=float32), array([71.706116], dtype=float32), array([72.52834], dtype=float32), array([73.4122], dtype=float32), array([73.271736], dtype=float32), array([73.5893], dtype=float32), array([72.433975], dtype=float32), array([72.4908], dtype=float32), array([72.235504], dtype=float32), array([73.04578], dtype=float32), array([72.7466], dtype=float32), array([72.69713], dtype=float32), array([72.81221], dtype=float32), array([72.87577], dtype=float32), array([73.05163], dtype=float32), array([73.708565], dtype=float32), array([74.280235], dtype=float32), array([73.84028], dtype=float32), array([73.604065], dtype=float32), array([73.41531], dtype=float32), array([74.13266], dtype=float32), array([73.885666], dtype=float32), array([74.4463], dtype=float32), array([74.50039], dtype=float32), array([74.896484], dtype=float32), array([74.689285], dtype=float32), array([75.070015], dtype=float32), array([75.00665], dtype=float32), array([75.252266], dtype=float32), array([74.91911], dtype=float32), array([74.296776], dtype=float32), array([74.415245], dtype=float32), array([73.422424], dtype=float32), array([73.384285], dtype=float32), array([73.88898], dtype=float32), array([73.88048], dtype=float32), array([74.47808], dtype=float32), array([74.62987], dtype=float32), array([74.308205], dtype=float32), array([74.7114], dtype=float32), array([75.72917], dtype=float32), array([75.879005], dtype=float32), array([76.10394], dtype=float32), array([76.120964], dtype=float32), array([76.25023], dtype=float32), array([76.72087], dtype=float32), array([77.047356], dtype=float32), array([77.24388], dtype=float32), array([77.29151], dtype=float32), array([77.40608], dtype=float32), array([77.663956], dtype=float32), array([78.3798], dtype=float32), array([78.47939], dtype=float32), array([78.58936], dtype=float32), array([78.455055], dtype=float32), array([78.61234], dtype=float32), array([81.572075], dtype=float32), array([82.482704], dtype=float32), array([82.400734], dtype=float32), array([82.50127], dtype=float32), array([83.32534], dtype=float32), array([83.589935], dtype=float32), array([83.96276], dtype=float32), array([83.75581], dtype=float32), array([84.1916], dtype=float32), array([83.85027], dtype=float32), array([83.85427], dtype=float32), array([83.69672], dtype=float32), array([83.89654], dtype=float32), array([83.0158], dtype=float32), array([83.070526], dtype=float32), array([82.53674], dtype=float32), array([82.660805], dtype=float32), array([83.64775], dtype=float32), array([83.22869], dtype=float32), array([83.228584], dtype=float32), array([83.86738], dtype=float32), array([84.69391], dtype=float32), array([83.53642], dtype=float32), array([84.09477], dtype=float32), array([84.24718], dtype=float32), array([82.00739], dtype=float32), array([81.860306], dtype=float32), array([82.75712], dtype=float32), array([82.63189], dtype=float32), array([83.88697], dtype=float32), array([84.9899], dtype=float32), array([85.2825], dtype=float32), array([85.26215], dtype=float32), array([84.67082], dtype=float32), array([86.223976], dtype=float32), array([86.07661], dtype=float32), array([85.707985], dtype=float32), array([85.4469], dtype=float32), array([85.52543], dtype=float32), array([85.49097], dtype=float32), array([85.47305], dtype=float32), array([85.563995], dtype=float32), array([85.60317], dtype=float32), array([85.472855], dtype=float32), array([85.936646], dtype=float32), array([86.325485], dtype=float32), array([86.89079], dtype=float32), array([87.743904], dtype=float32), array([87.89541], dtype=float32), array([87.87129], dtype=float32), array([87.701935], dtype=float32), array([87.88091], dtype=float32), array([88.927986], dtype=float32), array([88.16909], dtype=float32), array([89.52839], dtype=float32), array([89.64493], dtype=float32), array([89.70002], dtype=float32), array([90.84214], dtype=float32), array([91.2406], dtype=float32), array([91.33048], dtype=float32), array([91.879234], dtype=float32), array([93.09074], dtype=float32), array([93.288376], dtype=float32), array([92.443184], dtype=float32), array([94.20126], dtype=float32), array([93.848335], dtype=float32)]","[array([72.22048], dtype=float32), array([72.76973], dtype=float32), array([72.581024], dtype=float32), array([72.61098], dtype=float32), array([72.39271], dtype=float32), array([72.83829], dtype=float32), array([72.99057], dtype=float32), array([73.24359], dtype=float32), array([73.061905], dtype=float32), array([73.06669], dtype=float32), array([72.58928], dtype=float32), array([72.87184], dtype=float32), array([72.66], dtype=float32), array([72.64546], dtype=float32), array([72.63311], dtype=float32), array([72.763985], dtype=float32), array([72.961624], dtype=float32), array([72.97337], dtype=float32), array([73.84532], dtype=float32), array([73.603294], dtype=float32), array([74.0086], dtype=float32), array([73.64045], dtype=float32), array([73.38483], dtype=float32), array([73.676384], dtype=float32), array([73.79892], dtype=float32), array([74.11258], dtype=float32), array([74.51581], dtype=float32), array([74.8212], dtype=float32), array([74.93681], dtype=float32), array([74.84941], dtype=float32), array([75.21175], dtype=float32), array([75.303375], dtype=float32), array([74.85475], dtype=float32), array([74.841125], dtype=float32), array([74.31783], dtype=float32), array([74.04159], dtype=float32), array([74.08353], dtype=float32), array([74.275734], dtype=float32), array([74.15555], dtype=float32), array([74.38889], dtype=float32), array([74.62448], dtype=float32), array([74.54041], dtype=float32), array([74.788], dtype=float32), array([75.273705], dtype=float32), array([75.856125], dtype=float32), array([76.13827], dtype=float32), array([76.243774], dtype=float32), array([76.76627], dtype=float32), array([77.17535], dtype=float32), array([77.24227], dtype=float32), array([77.644554], dtype=float32), array([77.59707], dtype=float32), array([77.71614], dtype=float32), array([78.15732], dtype=float32), array([78.36426], dtype=float32), array([78.26064], dtype=float32), array([78.6975], dtype=float32), array([78.593216], dtype=float32), array([80.54129], dtype=float32), array([82.77374], dtype=float32), array([82.36122], dtype=float32), array([82.454636], dtype=float32), array([82.69822], dtype=float32), array([82.91007], dtype=float32), array([83.22424], dtype=float32), array([83.69498], dtype=float32), array([83.82401], dtype=float32), array([84.0157], dtype=float32), array([84.09401], dtype=float32), array([83.31976], dtype=float32), array([84.00383], dtype=float32), array([83.535645], dtype=float32), array([83.3311], dtype=float32), array([82.87993], dtype=float32), array([83.4742], dtype=float32), array([82.72329], dtype=float32), array([83.054855], dtype=float32), array([82.96896], dtype=float32), array([83.5849], dtype=float32), array([83.75031], dtype=float32), array([83.72925], dtype=float32), array([83.6365], dtype=float32), array([83.8387], dtype=float32), array([83.62802], dtype=float32), array([82.65194], dtype=float32), array([82.235985], dtype=float32), array([82.647], dtype=float32), array([82.51709], dtype=float32), array([83.42181], dtype=float32), array([84.180954], dtype=float32), array([85.112175], dtype=float32), array([84.84719], dtype=float32), array([85.64518], dtype=float32), array([85.919014], dtype=float32), array([85.85127], dtype=float32), array([85.29717], dtype=float32), array([85.18499], dtype=float32), array([84.894264], dtype=float32), array([85.253914], dtype=float32), array([85.088585], dtype=float32), array([85.31556], dtype=float32), array([85.160965], dtype=float32), array([85.44039], dtype=float32), array([86.12797], dtype=float32), array([86.01554], dtype=float32), array([86.68722], dtype=float32), array([87.23169], dtype=float32), array([87.80807], dtype=float32), array([87.815704], dtype=float32), array([88.09888], dtype=float32), array([88.19758], dtype=float32), array([89.22771], dtype=float32), array([88.595116], dtype=float32), array([89.33282], dtype=float32), array([89.13614], dtype=float32), array([89.8381], dtype=float32), array([90.34941], dtype=float32), array([91.254616], dtype=float32), array([91.75923], dtype=float32), array([92.44374], dtype=float32), array([93.703064], dtype=float32), array([92.96885], dtype=float32), array([93.20541], dtype=float32), array([94.42506], dtype=float32)]","[array([72.3495], dtype=float32), array([72.76309], dtype=float32), array([72.46628], dtype=float32), array([71.56732], dtype=float32), array([72.4956], dtype=float32), array([73.50469], dtype=float32), array([73.149536], dtype=float32), array([73.584564], dtype=float32), array([72.39799], dtype=float32), array([72.49099], dtype=float32), array([72.17834], dtype=float32), array([73.121544], dtype=float32), array([72.68685], dtype=float32), array([72.653496], dtype=float32), array([72.78533], dtype=float32), array([72.78524], dtype=float32), array([72.99832], dtype=float32), array([73.78459], dtype=float32), array([74.29412], dtype=float32), array([73.85487], dtype=float32), array([73.53035], dtype=float32), array([73.32955], dtype=float32), array([74.20958], dtype=float32), array([73.9072], dtype=float32), array([74.568756], dtype=float32), array([74.53777], dtype=float32), array([74.95143], dtype=float32), array([74.63825], dtype=float32), array([75.09691], dtype=float32), array([74.995224], dtype=float32), array([75.258484], dtype=float32), array([74.84387], dtype=float32), array([74.16499], dtype=float32), array([74.38131], dtype=float32), array([73.303406], dtype=float32), array([73.315926], dtype=float32), array([73.849724], dtype=float32), array([73.87847], dtype=float32), array([74.48639], dtype=float32), array([74.62101], dtype=float32), array([74.26828], dtype=float32), array([74.703316], dtype=float32), array([75.77196], dtype=float32), array([75.8612], dtype=float32), array([76.06994], dtype=float32), array([76.102554], dtype=float32), array([76.22833], dtype=float32), array([76.79634], dtype=float32), array([77.1321], dtype=float32), array([77.30967], dtype=float32), array([77.31304], dtype=float32), array([77.34576], dtype=float32), array([77.61323], dtype=float32), array([78.363174], dtype=float32), array([78.43682], dtype=float32), array([78.525314], dtype=float32), array([78.376915], dtype=float32), array([78.52685], dtype=float32), array([81.623795], dtype=float32), array([82.510864], dtype=float32), array([82.379364], dtype=float32), array([82.51537], dtype=float32), array([83.26944], dtype=float32), array([83.45932], dtype=float32), array([83.84522], dtype=float32), array([83.777084], dtype=float32), array([84.09957], dtype=float32), array([83.73416], dtype=float32), array([83.57873], dtype=float32), array([83.66479], dtype=float32), array([83.79266], dtype=float32), array([82.80644], dtype=float32), array([83.07196], dtype=float32), array([82.312584], dtype=float32), array([82.435875], dtype=float32), array([83.569336], dtype=float32), array([82.9731], dtype=float32), array([83.191864], dtype=float32), array([83.85744], dtype=float32), array([84.743095], dtype=float32), array([83.40003], dtype=float32), array([84.19457], dtype=float32), array([84.24101], dtype=float32), array([81.84935], dtype=float32), array([81.772484], dtype=float32), array([82.75725], dtype=float32), array([82.49458], dtype=float32), array([84.09216], dtype=float32), array([85.00473], dtype=float32), array([85.27493], dtype=float32), array([85.10058], dtype=float32), array([84.50109], dtype=float32), array([86.293724], dtype=float32), array([86.08983], dtype=float32), array([85.64051], dtype=float32), array([85.37913], dtype=float32), array([85.37598], dtype=float32), array([85.39231], dtype=float32), array([85.29672], dtype=float32), array([85.60103], dtype=float32), array([85.59584], dtype=float32), array([85.43027], dtype=float32), array([85.82568], dtype=float32), array([86.194046], dtype=float32), array([86.88262], dtype=float32), array([87.725395], dtype=float32), array([87.88702], dtype=float32), array([87.88121], dtype=float32), array([87.61884], dtype=float32), array([87.87028], dtype=float32), array([89.0215], dtype=float32), array([88.2212], dtype=float32), array([89.609505], dtype=float32), array([89.65956], dtype=float32), array([89.63128], dtype=float32), array([90.889984], dtype=float32), array([91.21901], dtype=float32), array([91.27865], dtype=float32), array([91.7751], dtype=float32), array([93.12912], dtype=float32), array([93.2067], dtype=float32), array([92.38589], dtype=float32), array([94.29794], dtype=float32), array([93.77971], dtype=float32)]"
4,"[106.6  106.4  105.69 103.81 104.46 105.7  105.89 106.16 104.55 104.82
 104.93 105.41 105.56 104.61 105.12 105.37 104.78 104.53 104.95 105.34
 104.76 106.07 108.01 108.3  110.19 109.94 109.8  109.2  109.74 110.06
 110.33 109.9  109.63 110.27 108.95 107.92 107.98 108.8  109.65 110.56
 110.94 110.12 110.92 110.97 112.31 112.35 112.66 112.65 112.72 111.84
 111.34 111.77 113.4  112.03 112.32 112.3  112.8  113.4  114.15 113.8
 114.2  116.27 115.52 114.91 114.99 114.22 114.6  112.64 112.59 112.37
 113.08 112.88 113.94 113.75 114.03 115.29 113.85 116.41 115.74 115.52
 112.97 113.35 111.78 111.44 111.3  112.2  112.42 112.55 112.03 112.67
 112.9  113.8  114.28 115.92 115.2  113.16 112.88 112.58 112.36 113.1
 112.4  112.36 112.39 113.31 115.05 116.33 114.8  114.16 112.87 109.64
 110.13 110.68 111.19 111.67 113.2  112.78 114.27 114.37 112.84 114.54
 113.54 110.81 113.25 111.65]","[array([106.59084], dtype=float32), array([106.41996], dtype=float32), array([105.7706], dtype=float32), array([103.99291], dtype=float32), array([104.545395], dtype=float32), array([105.74584], dtype=float32), array([105.88827], dtype=float32), array([106.08078], dtype=float32), array([104.7805], dtype=float32), array([104.885475], dtype=float32), array([104.95376], dtype=float32), array([105.452415], dtype=float32), array([105.56178], dtype=float32), array([104.83565], dtype=float32), array([105.2493], dtype=float32), array([105.489914], dtype=float32), array([105.00883], dtype=float32), array([104.575676], dtype=float32), array([104.90874], dtype=float32), array([105.499664], dtype=float32), array([104.831436], dtype=float32), array([105.734535], dtype=float32), array([106.96015], dtype=float32), array([107.586296], dtype=float32), array([108.6216], dtype=float32), array([109.20337], dtype=float32), array([109.29021], dtype=float32), array([108.96643], dtype=float32), array([109.44024], dtype=float32), array([109.83516], dtype=float32), array([110.029816], dtype=float32), array([109.80162], dtype=float32), array([109.48429], dtype=float32), array([110.098694], dtype=float32), array([108.8676], dtype=float32), array([107.82941], dtype=float32), array([107.8167], dtype=float32), array([108.931755], dtype=float32), array([109.67505], dtype=float32), array([110.47606], dtype=float32), array([110.7601], dtype=float32), array([110.15081], dtype=float32), array([110.79793], dtype=float32), array([110.88246], dtype=float32), array([111.7691], dtype=float32), array([111.99862], dtype=float32), array([112.321205], dtype=float32), array([112.43114], dtype=float32), array([112.50716], dtype=float32), array([111.8138], dtype=float32), array([111.30124], dtype=float32), array([111.73184], dtype=float32), array([113.10118], dtype=float32), array([111.97537], dtype=float32), array([112.21199], dtype=float32), array([112.25989], dtype=float32), array([112.74685], dtype=float32), array([113.243164], dtype=float32), array([113.85237], dtype=float32), array([113.6733], dtype=float32), array([113.96568], dtype=float32), array([115.22842], dtype=float32), array([115.21344], dtype=float32), array([114.68767], dtype=float32), array([114.819756], dtype=float32), array([114.24794], dtype=float32), array([114.51502], dtype=float32), array([112.782005], dtype=float32), array([112.46068], dtype=float32), array([112.47538], dtype=float32), array([113.042534], dtype=float32), array([112.957634], dtype=float32), array([113.800804], dtype=float32), array([113.804016], dtype=float32), array([114.009544], dtype=float32), array([115.156364], dtype=float32), array([113.96098], dtype=float32), array([116.04018], dtype=float32), array([115.59223], dtype=float32), array([115.39757], dtype=float32), array([113.37227], dtype=float32), array([113.38778], dtype=float32), array([112.07385], dtype=float32), array([111.722595], dtype=float32), array([111.5881], dtype=float32), array([112.389404], dtype=float32), array([112.48826], dtype=float32), array([112.72388], dtype=float32), array([112.13513], dtype=float32), array([112.60035], dtype=float32), array([113.016464], dtype=float32), array([113.78694], dtype=float32), array([114.247696], dtype=float32), array([115.45049], dtype=float32), array([115.311615], dtype=float32), array([113.38504], dtype=float32), array([112.99228], dtype=float32), array([112.74139], dtype=float32), array([112.52957], dtype=float32), array([113.313576], dtype=float32), array([112.53911], dtype=float32), array([112.34077], dtype=float32), array([112.489586], dtype=float32), array([113.36661], dtype=float32), array([114.79143], dtype=float32), array([115.6713], dtype=float32), array([114.78777], dtype=float32), array([114.24987], dtype=float32), array([113.180984], dtype=float32), array([110.70529], dtype=float32), array([110.51073], dtype=float32), array([111.0317], dtype=float32), array([111.34716], dtype=float32), array([111.78468], dtype=float32), array([113.074615], dtype=float32), array([112.83812], dtype=float32), array([113.945595], dtype=float32), array([114.28951], dtype=float32), array([113.07719], dtype=float32), array([114.37137], dtype=float32), array([113.52856], dtype=float32), array([111.38626], dtype=float32), array([113.09237], dtype=float32), array([111.738335], dtype=float32)]","[array([107.02798], dtype=float32), array([106.559746], dtype=float32), array([106.10627], dtype=float32), array([105.58203], dtype=float32), array([105.01406], dtype=float32), array([105.12097], dtype=float32), array([105.184875], dtype=float32), array([105.48702], dtype=float32), array([105.21691], dtype=float32), array([105.18767], dtype=float32), array([104.73979], dtype=float32), array([104.923225], dtype=float32), array([105.09523], dtype=float32), array([105.06895], dtype=float32), array([104.97243], dtype=float32), array([105.31033], dtype=float32), array([104.805244], dtype=float32), array([105.097336], dtype=float32), array([104.450264], dtype=float32), array([105.407394], dtype=float32), array([105.178955], dtype=float32), array([105.10725], dtype=float32), array([105.29796], dtype=float32), array([107.14335], dtype=float32), array([107.7507], dtype=float32), array([109.23645], dtype=float32), array([109.83468], dtype=float32), array([109.544846], dtype=float32), array([109.77551], dtype=float32), array([109.42529], dtype=float32), array([110.00398], dtype=float32), array([109.762474], dtype=float32), array([110.01129], dtype=float32), array([109.931946], dtype=float32), array([109.297424], dtype=float32), array([108.673294], dtype=float32), array([108.14854], dtype=float32), array([107.8772], dtype=float32), array([108.568146], dtype=float32), array([109.71785], dtype=float32), array([109.47898], dtype=float32), array([110.28702], dtype=float32), array([109.86806], dtype=float32), array([111.10787], dtype=float32), array([111.044914], dtype=float32), array([111.924484], dtype=float32), array([111.24923], dtype=float32), array([112.195656], dtype=float32), array([112.42254], dtype=float32), array([112.50585], dtype=float32), array([111.67904], dtype=float32), array([111.73229], dtype=float32), array([112.27881], dtype=float32), array([112.54046], dtype=float32), array([111.06161], dtype=float32), array([111.8809], dtype=float32), array([111.72877], dtype=float32), array([112.46938], dtype=float32), array([112.90401], dtype=float32), array([113.62043], dtype=float32), array([113.439575], dtype=float32), array([114.64348], dtype=float32), array([115.342735], dtype=float32), array([115.19596], dtype=float32), array([114.91099], dtype=float32), array([114.76158], dtype=float32), array([114.43161], dtype=float32), array([114.257256], dtype=float32), array([114.188], dtype=float32), array([113.53419], dtype=float32), array([112.74152], dtype=float32), array([112.93884], dtype=float32), array([112.949844], dtype=float32), array([113.242874], dtype=float32), array([113.32408], dtype=float32), array([113.64571], dtype=float32), array([113.363106], dtype=float32), array([114.28329], dtype=float32), array([114.41994], dtype=float32), array([114.6153], dtype=float32), array([114.07796], dtype=float32), array([113.95086], dtype=float32), array([113.267815], dtype=float32), array([113.141464], dtype=float32), array([112.03466], dtype=float32), array([111.61228], dtype=float32), array([112.74497], dtype=float32), array([112.70519], dtype=float32), array([113.24944], dtype=float32), array([112.387726], dtype=float32), array([113.90597], dtype=float32), array([113.74327], dtype=float32), array([113.54778], dtype=float32), array([114.57546], dtype=float32), array([114.43434], dtype=float32), array([114.13149], dtype=float32), array([113.939835], dtype=float32), array([113.88377], dtype=float32), array([114.10839], dtype=float32), array([113.505455], dtype=float32), array([113.28882], dtype=float32), array([112.590195], dtype=float32), array([111.89942], dtype=float32), array([113.02813], dtype=float32), array([112.84654], dtype=float32), array([114.57485], dtype=float32), array([114.51829], dtype=float32), array([114.401215], dtype=float32), array([114.17643], dtype=float32), array([113.71631], dtype=float32), array([110.74081], dtype=float32), array([110.55401], dtype=float32), array([110.788376], dtype=float32), array([111.761856], dtype=float32), array([111.9364], dtype=float32), array([113.60616], dtype=float32), array([113.19027], dtype=float32), array([114.19014], dtype=float32), array([114.21693], dtype=float32), array([113.21719], dtype=float32), array([113.29397], dtype=float32), array([112.10593], dtype=float32), array([111.20461], dtype=float32), array([112.09942], dtype=float32)]","[array([106.49908], dtype=float32), array([106.3288], dtype=float32), array([105.65303], dtype=float32), array([103.93715], dtype=float32), array([104.44456], dtype=float32), array([105.70063], dtype=float32), array([105.84161], dtype=float32), array([106.08051], dtype=float32), array([104.54126], dtype=float32), array([104.7986], dtype=float32), array([104.910934], dtype=float32), array([105.37179], dtype=float32), array([105.51181], dtype=float32), array([104.61812], dtype=float32), array([105.117615], dtype=float32), array([105.3429], dtype=float32), array([104.77027], dtype=float32), array([104.56069], dtype=float32), array([104.95811], dtype=float32), array([105.34036], dtype=float32), array([104.77349], dtype=float32), array([106.024635], dtype=float32), array([107.00863], dtype=float32), array([107.62558], dtype=float32), array([108.600784], dtype=float32), array([109.17847], dtype=float32), array([109.250534], dtype=float32), array([108.89328], dtype=float32), array([109.33477], dtype=float32), array([109.65733], dtype=float32), array([109.93523], dtype=float32), array([109.622246], dtype=float32), array([109.39531], dtype=float32), array([109.982155], dtype=float32), array([108.79422], dtype=float32), array([107.84154], dtype=float32), array([107.94963], dtype=float32), array([108.78528], dtype=float32), array([109.60325], dtype=float32), array([110.43923], dtype=float32), array([110.747604], dtype=float32), array([110.029594], dtype=float32), array([110.75876], dtype=float32), array([110.80928], dtype=float32), array([111.79615], dtype=float32), array([112.0131], dtype=float32), array([112.303825], dtype=float32), array([112.38615], dtype=float32), array([112.49096], dtype=float32), array([111.78764], dtype=float32), array([111.31881], dtype=float32), array([111.71095], dtype=float32), array([113.161285], dtype=float32), array([111.99961], dtype=float32), array([112.26488], dtype=float32), array([112.24945], dtype=float32), array([112.70759], dtype=float32), array([113.24172], dtype=float32), array([113.841415], dtype=float32), array([113.65034], dtype=float32), array([113.9716], dtype=float32), array([115.286156], dtype=float32), array([115.24017], dtype=float32), array([114.80834], dtype=float32), array([114.86801], dtype=float32), array([114.19851], dtype=float32), array([114.53964], dtype=float32), array([112.68848], dtype=float32), array([112.63457], dtype=float32), array([112.43888], dtype=float32), array([113.12807], dtype=float32), array([112.88161], dtype=float32), array([113.92534], dtype=float32), array([113.727036], dtype=float32), array([114.00184], dtype=float32), array([115.23207], dtype=float32), array([113.9134], dtype=float32), array([116.16873], dtype=float32), array([115.724365], dtype=float32), array([115.47142], dtype=float32), array([113.11656], dtype=float32), array([113.33112], dtype=float32), array([111.99461], dtype=float32), array([111.68567], dtype=float32), array([111.56212], dtype=float32), array([112.322334], dtype=float32), array([112.508896], dtype=float32), array([112.60326], dtype=float32), array([112.081635], dtype=float32), array([112.692375], dtype=float32), array([112.8908], dtype=float32), array([113.769745], dtype=float32), array([114.23936], dtype=float32), array([115.69027], dtype=float32), array([115.116806], dtype=float32), array([113.21146], dtype=float32), array([112.90963], dtype=float32), array([112.58586], dtype=float32), array([112.37721], dtype=float32), array([113.148544], dtype=float32), array([112.424965], dtype=float32), array([112.40108], dtype=float32), array([112.437836], dtype=float32), array([113.34545], dtype=float32), array([114.9009], dtype=float32), array([115.80314], dtype=float32), array([114.85475], dtype=float32), array([114.192314], dtype=float32), array([112.92966], dtype=float32), array([110.51269], dtype=float32), array([110.39886], dtype=float32), array([110.87402], dtype=float32), array([111.31764], dtype=float32), array([111.73253], dtype=float32), array([113.21449], dtype=float32), array([112.78325], dtype=float32), array([114.22544], dtype=float32), array([114.37273], dtype=float32), array([112.92612], dtype=float32), array([114.62147], dtype=float32), array([113.61259], dtype=float32), array([110.99141], dtype=float32), array([113.32444], dtype=float32), array([111.620674], dtype=float32)]"
